{"interventions":[{"cost":{"base":357893.6197398887},"name":"DIAB+BASE","QALY":{"base":9.617182685343536},"LY":{"base":19.29458148358366}},{"cost":{"base":249697.57752744894},"name":"DIAB+INT","QALY":{"base":11.984088326839657},"LY":{"base":20.156782236943783}}]}
